{
  "runs": 10,
  "seed": 42,
  "max_abs_cross_track_km": {
    "FSAT-LDR": {
      "mean": 18980.67319215692,
      "std": 0.5877559408950722,
      "p95": 18981.64930974249,
      "min": 18979.932068371567,
      "max": 18981.90303508311
    },
    "FSAT-DP1": {
      "mean": 18981.35801347645,
      "std": 0.5898489044797472,
      "p95": 18982.337605951303,
      "min": 18980.61438489286,
      "max": 18982.59253341782
    },
    "FSAT-DP2": {
      "mean": 18979.813872929386,
      "std": 0.585379622564316,
      "p95": 18980.786046439312,
      "min": 18979.075528924266,
      "max": 18981.03830938085
    }
  },
  "min_abs_cross_track_km": {
    "FSAT-LDR": {
      "mean": 2.5954985801195893,
      "std": 0.616700704113526,
      "p95": 3.619727043625365,
      "min": 1.8182545756845376,
      "max": 3.8869719073054596
    },
    "FSAT-DP1": {
      "mean": 5.889684337670322,
      "std": 0.08350391958157144,
      "p95": 6.045456594182458,
      "min": 5.832734369421915,
      "max": 6.113985256787065
    },
    "FSAT-DP2": {
      "mean": 7.279889050595386,
      "std": 0.4035763113429701,
      "p95": 7.963497326853083,
      "min": 6.792201728047924,
      "max": 8.153134939603106
    }
  },
  "plane_intersection_distance_km": {
    "fleet": {
      "mean": 6752.400930159871,
      "std": 0.1858257450895933,
      "p95": 6752.709176914173,
      "min": 6752.169230238348,
      "max": 6752.788003551981
    }
  },
  "relative_cross_track_km": {
    "fleet_relative_max": {
      "mean": 0.20012415285577295,
      "std": 2.800182994382005e-07,
      "p95": 0.20012449326638365,
      "min": 0.20012356719840105,
      "max": 0.20012450628552747
    },
    "fleet_relative_min": {
      "mean": 6.19540852655795e-05,
      "std": 7.741569671611883e-06,
      "p95": 7.449638782874536e-05,
      "min": 5.180367548749082e-05,
      "max": 7.583806450547416e-05
    }
  },
  "fleet_compliance_probability": 1.0,
  "absolute_cross_track_compliance_probability": 1.0
}