{
  "max_separation_km": 6.000000000000458,
  "mean_separation_km": 6.000000000000013,
  "min_separation_km": 5.999999999999567,
  "sample_count": 12,
  "scenario_name": "Tehran Triangle Formation"
}