{
  "runs": 1000,
  "seed": 4242,
  "max_abs_cross_track_km": {
    "FSAT-LDR": {
      "mean": 2469.9890055016076,
      "std": 0.06937575329271442,
      "p95": 2470.108596690734,
      "min": 2469.7942065874267,
      "max": 2470.1891734994365
    },
    "FSAT-DP1": {
      "mean": 2478.2508560898086,
      "std": 0.06932351813398004,
      "p95": 2478.370295464772,
      "min": 2478.0561309897303,
      "max": 2478.4508863406345
    },
    "FSAT-DP2": {
      "mean": 2466.113632957924,
      "std": 0.05520188110520464,
      "p95": 2466.2062684875254,
      "min": 2465.925476873935,
      "max": 2466.2688860847397
    }
  },
  "min_abs_cross_track_km": {
    "FSAT-LDR": {
      "mean": 23.7597782762416,
      "std": 0.10901767284027893,
      "p95": 23.952380904316865,
      "min": 23.506276069290124,
      "max": 24.220063688873857
    },
    "FSAT-DP1": {
      "mean": 8.351117282139315,
      "std": 0.2825436812601632,
      "p95": 8.842244054206393,
      "min": 7.727302975387184,
      "max": 9.571156313840003
    },
    "FSAT-DP2": {
      "mean": 32.56096826910236,
      "std": 0.14550998659532105,
      "p95": 32.81273832590405,
      "min": 32.213985432161536,
      "max": 33.09496024583111
    }
  },
  "evaluation_abs_cross_track_km": {
    "FSAT-LDR": {
      "mean": 23.7597782762416,
      "std": 0.10901767284027893,
      "p95": 23.952380904316865,
      "min": 23.506276069290124,
      "max": 24.220063688873857
    },
    "FSAT-DP1": {
      "mean": 8.351117282139315,
      "std": 0.2825436812601632,
      "p95": 8.842244054206393,
      "min": 7.727302975387184,
      "max": 9.571156313840003
    },
    "FSAT-DP2": {
      "mean": 39.63144581631481,
      "std": 0.07630322016828257,
      "p95": 39.76060090817563,
      "min": 39.433648850567366,
      "max": 39.95334834917341
    }
  },
  "relative_cross_track_km": {
    "fleet_relative_max": {
      "mean": 0.1999675167569351,
      "std": 2.5676615576934038e-08,
      "p95": 0.19996755845749892,
      "min": 0.19996742458000674,
      "max": 0.1999675868546386
    },
    "fleet_relative_min": {
      "mean": 0.14285116668500616,
      "std": 2.129350329687681e-06,
      "p95": 0.14285462853588904,
      "min": 0.14284329942612004,
      "max": 0.14285720205329286
    }
  },
  "compliance": {
    "primary_fraction": 1.0,
    "waiver_fraction": 1.0,
    "relative_fraction": 1.0
  },
  "fleet_compliance_probability": 1.0,
  "absolute_cross_track_compliance_probability": 1.0,
  "evaluation_time_utc": "2026-03-21T07:40:10Z",
  "cross_track_limits_km": {
    "primary": 30.0,
    "waiver": 70.0
  },
  "centroid_abs_cross_track_km": {
    "mean": 23.91411379156524,
    "std": 0.152100297329668,
    "p95": 24.180422084370257,
    "min": 23.569355166705005,
    "max": 24.567946437156234
  },
  "worst_vehicle_abs_cross_track_km": {
    "mean": 39.63144581631481,
    "std": 0.07630322016828257,
    "p95": 39.76060090817563,
    "min": 39.433648850567366,
    "max": 39.95334834917341
  }
}