{
  "runs": 200,
  "seed": 42,
  "max_abs_cross_track_km": {
    "FSAT-LDR": {
      "mean": 18990.061662983164,
      "std": 0.6092464257137619,
      "p95": 18991.074488496084,
      "min": 18988.18655371966,
      "max": 18991.52742487115
    },
    "FSAT-DP1": {
      "mean": 18990.071227150136,
      "std": 0.6089182772598194,
      "p95": 18991.083591870352,
      "min": 18988.197210490867,
      "max": 18991.536290771914
    },
    "FSAT-DP2": {
      "mean": 18990.019998764572,
      "std": 0.6094033337382805,
      "p95": 18991.032957214968,
      "min": 18988.144382904164,
      "max": 18991.486024676527
    }
  },
  "min_abs_cross_track_km": {
    "FSAT-LDR": {
      "mean": 97.07096943773008,
      "std": 0.07372070972921965,
      "p95": 97.21172270402295,
      "min": 96.87912784938308,
      "max": 97.27119490214734
    },
    "FSAT-DP1": {
      "mean": 61.92875445621565,
      "std": 0.09918492007720399,
      "p95": 62.10448891590197,
      "min": 61.66799557646032,
      "max": 62.21151442253761
    },
    "FSAT-DP2": {
      "mean": 132.3942607052809,
      "std": 0.06384405661835874,
      "p95": 132.51719283441727,
      "min": 132.23496764875446,
      "max": 132.5554454226144
    }
  },
  "plane_intersection_distance_km": {
    "fleet": {
      "mean": 6872.88194663754,
      "std": 0.1545648526469782,
      "p95": 6873.1369838827795,
      "min": 6872.480672270066,
      "max": 6873.2917642291695
    }
  },
  "relative_cross_track_km": {
    "fleet_relative_max": {
      "mean": 0.20327875851872634,
      "std": 2.366165977929523e-05,
      "p95": 0.20331775246427825,
      "min": 0.20321165743288225,
      "max": 0.20334870590857054
    },
    "fleet_relative_min": {
      "mean": 0.0007843321643297849,
      "std": 1.1698844151999445e-05,
      "p95": 0.0008044863411104871,
      "min": 0.0007569563457600452,
      "max": 0.0008220520267514075
    }
  },
  "fleet_compliance_probability": 1.0,
  "absolute_cross_track_compliance_probability": 0.0
}