{
  "runs": 200,
  "seed": 42,
  "max_abs_cross_track_km": {
    "FSAT-LDR": {
      "mean": 18990.061662983164,
      "std": 0.6092464257134695,
      "p95": 18991.074488496084,
      "min": 18988.186553719654,
      "max": 18991.52742487115
    },
    "FSAT-DP1": {
      "mean": 18990.071227150136,
      "std": 0.6089182772596273,
      "p95": 18991.083591870345,
      "min": 18988.197210490867,
      "max": 18991.5362907719
    },
    "FSAT-DP2": {
      "mean": 18990.019998764572,
      "std": 0.6094033337381327,
      "p95": 18991.032957214968,
      "min": 18988.144382904164,
      "max": 18991.486024676542
    }
  },
  "min_abs_cross_track_km": {
    "FSAT-LDR": {
      "mean": 97.07096943773011,
      "std": 0.0737207097293029,
      "p95": 97.21172270402157,
      "min": 96.87912784938312,
      "max": 97.27119490214734
    },
    "FSAT-DP1": {
      "mean": 61.92875445621572,
      "std": 0.09918492007722361,
      "p95": 62.10448891590054,
      "min": 61.66799557646032,
      "max": 62.21151442253761
    },
    "FSAT-DP2": {
      "mean": 132.3942607052809,
      "std": 0.0638440566184486,
      "p95": 132.51719283441727,
      "min": 132.23496764875446,
      "max": 132.5554454226144
    }
  },
  "evaluation_abs_cross_track_km": {
    "FSAT-LDR": {
      "mean": 97.07096943773011,
      "std": 0.0737207097293029,
      "p95": 97.21172270402157,
      "min": 96.87912784938312,
      "max": 97.27119490214734
    },
    "FSAT-DP1": {
      "mean": 61.92875445621572,
      "std": 0.09918492007722361,
      "p95": 62.10448891590054,
      "min": 61.66799557646032,
      "max": 62.21151442253761
    },
    "FSAT-DP2": {
      "mean": 132.3942607052809,
      "std": 0.0638440566184486,
      "p95": 132.51719283441727,
      "min": 132.23496764875446,
      "max": 132.5554454226144
    }
  },
  "plane_intersection_distance_km": {
    "fleet": {
      "mean": 6872.881946637479,
      "std": 0.15456485253927013,
      "p95": 6873.136983882476,
      "min": 6872.480672268136,
      "max": 6873.291764231296
    }
  },
  "relative_cross_track_km": {
    "fleet_relative_max": {
      "mean": 0.203278758518793,
      "std": 2.366165974152085e-05,
      "p95": 0.2033177524643074,
      "min": 0.20321165743200373,
      "max": 0.20334870590736281
    },
    "fleet_relative_min": {
      "mean": 0.0007843321643467674,
      "std": 1.1698844128194731e-05,
      "p95": 0.0008044863409227649,
      "min": 0.0007569563464839574,
      "max": 0.0008220520279212486
    }
  },
  "compliance": {
    "primary_fraction": 0.0,
    "waiver_fraction": 0.0,
    "relative_fraction": 1.0,
    "plane_fraction": 1.0
  },
  "fleet_compliance_probability": 0.0,
  "absolute_cross_track_compliance_probability": 0.0,
  "evaluation_time_utc": "2026-03-21T07:40:10Z",
  "cross_track_limits_km": {
    "primary": 30.0,
    "waiver": 70.0
  },
  "centroid_abs_cross_track_km": {
    "mean": 97.13132819974224,
    "std": 0.07782064126368342,
    "p95": 97.27754622955656,
    "min": 96.92736369153265,
    "max": 97.34605158243312
  },
  "worst_vehicle_abs_cross_track_km": {
    "mean": 132.3942607052809,
    "std": 0.0638440566184486,
    "p95": 132.51719283441727,
    "min": 132.23496764875446,
    "max": 132.5554454226144
  }
}