{
  "scenario": "config/scenarios/tehran_triangle.json",
  "rgt_scenario": "config/scenarios/tehran_daily_pass.json",
  "start_utc": "2026-03-21T00:00:00Z",
  "duration_days": 7.0,
  "time_step_s": 5.0,
  "side_length_km": 50.0,
  "tolerance_km": 30.0,
  "aspect_limit": 1.02,
  "target_latitude_deg": 35.6892,
  "target_longitude_deg": 51.389,
  "latitude_band_deg": 6.0,
  "repeat_ground_track": {
    "semi_major_axis_km": 6939.241838277424,
    "perigee_altitude_km": 560.2728292568308,
    "apogee_altitude_km": 561.9382472980169,
    "nodal_period_s": 5760.131603668539,
    "repeat_cycle_days": 1.0,
    "orbits_per_cycle": 15.0,
    "repeat_ratio": 0.06666666666666667,
    "residual_tau": 4.3597139787188155e-11,
    "mean_motion_rev_per_day": 15.018782469936824,
    "raan_rate_deg_per_day": 0.9938727722392635,
    "argument_of_perigee_rate_deg_per_day": -3.3759498006830313,
    "mean_anomaly_rate_deg_per_day": -3.5091149969608457,
    "converged": true,
    "iterations": 23,
    "initial_guess_semi_major_axis_km": 6932.385615402614
  },
  "metrics": {
    "min_cross_track_km": 0.3226886354261929,
    "max_cross_track_km": 16274.034629483454,
    "min_ground_distance_km": 332.6634837062246,
    "max_ground_distance_km": 19357.26668531168,
    "max_aspect_ratio": 1.0000000000000295,
    "min_aspect_ratio": 1.0,
    "max_side_length_km": 50.00000000000118,
    "min_side_length_km": 49.99999999999889,
    "min_latitude_deg": -82.3466810286361,
    "max_latitude_deg": 82.34669227449011,
    "min_longitude_deg": -179.9935082427025,
    "max_longitude_deg": 179.9973806834896
  },
  "daily_windows": []
}