{
  "max_separation_km": 6.000000000000575,
  "mean_separation_km": 6.000000000000115,
  "min_separation_km": 5.999999999999597,
  "sample_count": 12,
  "scenario_name": "Tehran Triangle Formation"
}