{
  "runs": 200,
  "seed": 42,
  "max_abs_cross_track_km": {
    "FSAT-LDR": {
      "mean": 19421.139850197476,
      "std": 0.6200358122841556,
      "p95": 19422.180445391565,
      "min": 19419.630815518205,
      "max": 19423.033685934177
    },
    "FSAT-DP1": {
      "mean": 19416.620154923046,
      "std": 0.6129875203070835,
      "p95": 19417.64720350471,
      "min": 19415.12513415078,
      "max": 19418.488375151977
    },
    "FSAT-DP2": {
      "mean": 19484.56339899938,
      "std": 0.03025778332780884,
      "p95": 19484.612242171,
      "min": 19484.47377754046,
      "max": 19484.67374016646
    }
  },
  "min_abs_cross_track_km": {
    "FSAT-LDR": {
      "mean": 444.15186731039097,
      "std": 0.5903335123308445,
      "p95": 445.1743930531731,
      "min": 442.75982789231966,
      "max": 445.98833635075226
    },
    "FSAT-DP1": {
      "mean": 445.8073882512754,
      "std": 0.5866422489254742,
      "p95": 446.825920269466,
      "min": 444.42686602267105,
      "max": 447.63461219662196
    },
    "FSAT-DP2": {
      "mean": 439.0355821996156,
      "std": 0.08792185760438433,
      "p95": 439.177800447784,
      "min": 438.7212887022629,
      "max": 439.2912777666801
    }
  },
  "plane_intersection_distance_km": {
    "fleet": {
      "mean": 1.5630549719002635,
      "std": 1.2010331180808835,
      "p95": 3.8050371545979553,
      "min": 0.057281351221035955,
      "max": 5.7589808057105305
    }
  },
  "relative_cross_track_km": {
    "fleet_relative_max": {
      "mean": 2269.690196568244,
      "std": 0.8780205429384157,
      "p95": 2271.164386156763,
      "min": 2266.98836384203,
      "max": 2271.8148255710526
    },
    "fleet_relative_min": {
      "mean": 2.7451048552368293,
      "std": 0.6874355750130267,
      "p95": 3.880978373467277,
      "min": 0.6198720578618603,
      "max": 4.390767440681971
    }
  },
  "fleet_compliance_probability": 0.0,
  "absolute_cross_track_compliance_probability": 0.0
}