{
  "runs": 500,
  "seed": 42,
  "max_abs_cross_track_km": {
    "FSAT-LDR": {
      "mean": 2469.9857257640174,
      "std": 0.07581946801512143,
      "p95": 2470.107509398737,
      "min": 2469.7752233880583,
      "max": 2470.2390332276414
    },
    "FSAT-DP1": {
      "mean": 2478.247576548211,
      "std": 0.07576797787279699,
      "p95": 2478.369261341535,
      "min": 2478.03722264085,
      "max": 2478.500659175283
    },
    "FSAT-DP2": {
      "mean": 2466.116599404322,
      "std": 0.059600071371123706,
      "p95": 2466.2137765090233,
      "min": 2465.932085372621,
      "max": 2466.294013971196
    }
  },
  "min_abs_cross_track_km": {
    "FSAT-LDR": {
      "mean": 23.76072435776377,
      "std": 0.09918091385340727,
      "p95": 23.927869191009787,
      "min": 23.503691449526364,
      "max": 24.06314776704634
    },
    "FSAT-DP1": {
      "mean": 8.349018184263002,
      "std": 0.26521526191358225,
      "p95": 8.817716132392496,
      "min": 7.635011050618281,
      "max": 9.210599299194415
    },
    "FSAT-DP2": {
      "mean": 32.5560438459368,
      "std": 0.15033776011739566,
      "p95": 32.81690642591113,
      "min": 32.15137470791111,
      "max": 33.111473452740114
    }
  },
  "evaluation_abs_cross_track_km": {
    "FSAT-LDR": {
      "mean": 23.76072435776377,
      "std": 0.09918091385340727,
      "p95": 23.927869191009787,
      "min": 23.503691449526364,
      "max": 24.06314776704634
    },
    "FSAT-DP1": {
      "mean": 8.349018184263002,
      "std": 0.26521526191358225,
      "p95": 8.817716132392496,
      "min": 7.635011050618281,
      "max": 9.210599299194415
    },
    "FSAT-DP2": {
      "mean": 39.633104554714954,
      "std": 0.07009158170524912,
      "p95": 39.74495505922617,
      "min": 39.442894142772765,
      "max": 39.83810521106018
    }
  },
  "plane_intersection_distance_km": {
    "fleet": {
      "mean": 7602.517823307915,
      "std": 0.8912220814861778,
      "p95": 7604.008847169331,
      "min": 7599.252985310959,
      "max": 7605.238492068121
    }
  },
  "relative_cross_track_km": {
    "fleet_relative_max": {
      "mean": 0.1999675171414892,
      "std": 2.5241672847446994e-08,
      "p95": 0.1999675607516757,
      "min": 0.1999674409129849,
      "max": 0.19996760815066825
    },
    "fleet_relative_min": {
      "mean": 0.14285116884723975,
      "std": 2.049000767208261e-06,
      "p95": 0.14285460643762227,
      "min": 0.1428455217071499,
      "max": 0.1428571038054915
    }
  },
  "compliance": {
    "primary_fraction": 1.0,
    "waiver_fraction": 1.0,
    "relative_fraction": 1.0
  },
  "fleet_compliance_probability": 1.0,
  "absolute_cross_track_compliance_probability": 1.0,
  "evaluation_time_utc": "2026-03-21T07:40:10Z",
  "cross_track_limits_km": {
    "primary": 30.0,
    "waiver": 70.0
  },
  "centroid_abs_cross_track_km": {
    "mean": 23.914282365580576,
    "std": 0.1398334839974934,
    "p95": 24.152755455680634,
    "min": 23.549888841378785,
    "max": 24.336066310066723
  },
  "worst_vehicle_abs_cross_track_km": {
    "mean": 39.633104554714954,
    "std": 0.07009158170524912,
    "p95": 39.74495505922617,
    "min": 39.442894142772765,
    "max": 39.83810521106018
  }
}