{
  "runs": 200,
  "seed": 42,
  "max_abs_cross_track_km": {
    "FSAT-LDR": {
      "mean": 19410.57397080171,
      "std": 0.6215274881923373,
      "p95": 19411.62248773964,
      "min": 19408.673700431504,
      "max": 19412.084877506342
    },
    "FSAT-DP1": {
      "mean": 19413.795937297313,
      "std": 0.6207488957522772,
      "p95": 19414.839184984714,
      "min": 19411.89470844711,
      "max": 19415.300946666855
    },
    "FSAT-DP2": {
      "mean": 19406.852716196066,
      "std": 0.6216000916665361,
      "p95": 19407.906360985133,
      "min": 19404.95508065996,
      "max": 19408.368499555927
    }
  },
  "min_abs_cross_track_km": {
    "FSAT-LDR": {
      "mean": 442.2980514531522,
      "std": 0.6325296749664241,
      "p95": 443.3384268467555,
      "min": 440.3362910999994,
      "max": 443.8066457226626
    },
    "FSAT-DP1": {
      "mean": 439.60411013138656,
      "std": 0.6350661796126487,
      "p95": 440.65070586687784,
      "min": 437.6358638966717,
      "max": 441.1208586680059
    },
    "FSAT-DP2": {
      "mean": 445.04254995378227,
      "std": 0.6298078835273867,
      "p95": 446.0755031036183,
      "min": 443.08816949911864,
      "max": 446.5418432354207
    }
  },
  "plane_intersection_distance_km": {
    "fleet": {
      "mean": 1813.7216023105168,
      "std": 0.5435149049978318,
      "p95": 1814.6603872182218,
      "min": 1812.4208659795893,
      "max": 1815.419303123997
    }
  },
  "relative_cross_track_km": {
    "fleet_relative_max": {
      "mean": 0.20945281374659058,
      "std": 2.1218663726743287e-05,
      "p95": 0.20949072844434105,
      "min": 0.20939700869697328,
      "max": 0.20952104654377737
    },
    "fleet_relative_min": {
      "mean": 8.001385312412536e-05,
      "std": 8.69533470594818e-06,
      "p95": 9.465591844392166e-05,
      "min": 5.026213621202621e-05,
      "max": 0.00010152164733450457
    }
  },
  "fleet_compliance_probability": 1.0,
  "absolute_cross_track_compliance_probability": 0.0
}