{
  "runs": 600,
  "seed": 42,
  "max_abs_cross_track_km": {
    "FSAT-LDR": {
      "mean": 18994.335442041145,
      "std": 0.6244088101642153,
      "p95": 18995.421574788386,
      "min": 18992.460217667944,
      "max": 18996.621092683854
    },
    "FSAT-DP1": {
      "mean": 18992.318192935836,
      "std": 0.6154343883929911,
      "p95": 18993.388510055902,
      "min": 18990.472741017074,
      "max": 18994.571620352253
    },
    "FSAT-DP2": {
      "mean": 18993.62887744798,
      "std": 0.6316364035504517,
      "p95": 18994.727734905766,
      "min": 18991.729130758424,
      "max": 18995.940487467178
    }
  },
  "min_abs_cross_track_km": {
    "FSAT-LDR": {
      "mean": 15.336829357825618,
      "std": 0.5171323975174952,
      "p95": 16.241927735297878,
      "min": 13.89330314461148,
      "max": 17.298852315899556
    },
    "FSAT-DP1": {
      "mean": 28.40596942973944,
      "std": 0.2785643559940715,
      "p95": 28.90815396516755,
      "min": 27.722052762732755,
      "max": 29.510329246233855
    },
    "FSAT-DP2": {
      "mean": 14.484562560804115,
      "std": 0.5569192950499167,
      "p95": 15.457089317629729,
      "min": 12.792387512916905,
      "max": 16.545634023648542
    }
  },
  "evaluation_abs_cross_track_km": {
    "FSAT-LDR": {
      "mean": 15.336829357825618,
      "std": 0.5171323975174952,
      "p95": 16.241927735297878,
      "min": 13.89330314461148,
      "max": 17.298852315899556
    },
    "FSAT-DP1": {
      "mean": 28.40596942973944,
      "std": 0.2785643559940715,
      "p95": 28.90815396516755,
      "min": 27.722052762732755,
      "max": 29.510329246233855
    },
    "FSAT-DP2": {
      "mean": 14.484562560804115,
      "std": 0.5569192950499167,
      "p95": 15.457089317629729,
      "min": 12.792387512916905,
      "max": 16.545634023648542
    }
  },
  "plane_intersection_distance_km": {
    "fleet": {
      "mean": 7781.137370182628,
      "std": 0.8701590824837495,
      "p95": 7782.621221104262,
      "min": 7777.974179615133,
      "max": 7783.805688510841
    }
  },
  "relative_cross_track_km": {
    "fleet_relative_max": {
      "mean": 0.20918764569373663,
      "std": 1.3156211494276379e-05,
      "p95": 0.2092084820901751,
      "min": 0.20913508191391136,
      "max": 0.20922901444040942
    },
    "fleet_relative_min": {
      "mean": 0.001216028892234522,
      "std": 4.934093175105486e-06,
      "p95": 0.0012239395041937656,
      "min": 0.0012005929849695808,
      "max": 0.0012306751766071097
    }
  },
  "compliance": {
    "primary_fraction": 1.0,
    "waiver_fraction": 1.0,
    "relative_fraction": 1.0
  },
  "fleet_compliance_probability": 1.0,
  "absolute_cross_track_compliance_probability": 1.0,
  "evaluation_time_utc": "2026-03-21T07:40:10Z",
  "cross_track_limits_km": {
    "primary": 30.0,
    "waiver": 70.0
  },
  "centroid_abs_cross_track_km": {
    "mean": 9.752745408920315,
    "std": 0.08603836991404658,
    "p95": 9.899572970525163,
    "min": 9.53317107468917,
    "max": 10.087849179494956
  },
  "worst_vehicle_abs_cross_track_km": {
    "mean": 28.40596942973944,
    "std": 0.2785643559940715,
    "p95": 28.90815396516755,
    "min": 27.722052762732755,
    "max": 29.510329246233855
  }
}