{
  "runs": 1000,
  "seed": 4242,
  "max_abs_cross_track_km": {
    "FSAT-LDR": {
      "mean": 2487.884265071143,
      "std": 0.06840773492825462,
      "p95": 2488.0013718132395,
      "min": 2487.691532332057,
      "max": 2488.0817364892787
    },
    "FSAT-DP1": {
      "mean": 2496.0893900346273,
      "std": 0.06836153841008738,
      "p95": 2496.2063565357325,
      "min": 2495.8967213516557,
      "max": 2496.2867380917837
    },
    "FSAT-DP2": {
      "mean": 2479.6446929114804,
      "std": 0.06845468177743264,
      "p95": 2479.761939742663,
      "min": 2479.45189592965,
      "max": 2479.8422891862597
    }
  },
  "min_abs_cross_track_km": {
    "FSAT-LDR": {
      "mean": 5.786012988575367,
      "std": 0.4218621232988251,
      "p95": 6.499114955586494,
      "min": 4.821382739094642,
      "max": 7.491031809971629
    },
    "FSAT-DP1": {
      "mean": 12.174634595622551,
      "std": 0.2116530387380234,
      "p95": 12.557722671390223,
      "min": 11.707671529589183,
      "max": 13.05192360698496
    },
    "FSAT-DP2": {
      "mean": 20.731712961357378,
      "std": 0.12731827149796163,
      "p95": 20.962213931977473,
      "min": 20.43964811069176,
      "max": 21.275676305022337
    }
  },
  "evaluation_abs_cross_track_km": {
    "FSAT-LDR": {
      "mean": 5.786012988575367,
      "std": 0.4218621232988251,
      "p95": 6.499114955586494,
      "min": 4.821382739094642,
      "max": 7.491031809971629
    },
    "FSAT-DP1": {
      "mean": 12.174634595622551,
      "std": 0.2116530387380234,
      "p95": 12.557722671390223,
      "min": 11.707671529589183,
      "max": 13.05192360698496
    },
    "FSAT-DP2": {
      "mean": 20.731712961357378,
      "std": 0.12731827149796163,
      "p95": 20.962213931977473,
      "min": 20.43964811069176,
      "max": 21.275676305022337
    }
  },
  "relative_cross_track_km": {
    "fleet_relative_max": {
      "mean": 0.19996751675691335,
      "std": 2.567662565645395e-08,
      "p95": 0.19996755845725417,
      "min": 0.19996742457999334,
      "max": 0.19996758685409532
    },
    "fleet_relative_min": {
      "mean": 0.1428511666849989,
      "std": 2.1293502780994494e-06,
      "p95": 0.14285462853493122,
      "min": 0.1428432994269224,
      "max": 0.14285720205361213
    }
  },
  "compliance": {
    "primary_fraction": 1.0,
    "waiver_fraction": 1.0,
    "relative_fraction": 1.0
  },
  "fleet_compliance_probability": 1.0,
  "absolute_cross_track_compliance_probability": 1.0,
  "evaluation_time_utc": "2026-03-21T07:40:10Z",
  "cross_track_limits_km": {
    "primary": 30.0,
    "waiver": 70.0
  },
  "centroid_abs_cross_track_km": {
    "mean": 4.781030451436733,
    "std": 0.11965238571373867,
    "p95": 4.990663275846604,
    "min": 4.485536654893946,
    "max": 5.238261502669668
  },
  "centroid_abs_cross_track_km_mean": 4.781030451436733,
  "centroid_abs_cross_track_km_p95": 4.990663275846604,
  "worst_vehicle_abs_cross_track_km": {
    "mean": 20.731712961357378,
    "std": 0.12731827149796163,
    "p95": 20.962213931977473,
    "min": 20.43964811069176,
    "max": 21.275676305022337
  }
}